OCC,emp_pretreat_2019_2022
10,1678509.0445326087
20,1083776.4778
40,63537.45296304348
50,1187176.2383416665
51,598573.1660970589
52,540521.25615
60,97781.44572391304
100,183819.941175
101,64937.17991176471
102,135837.2411470588
110,716765.3030760869
120,1291416.125523913
135,19332.55032608696
136,295573.90497826086
137,52578.34419999999
140,273157.6329065217
150,225938.5256173913
160,309253.4967434783
205,924903.2762195653
220,997435.0071500001
230,962714.8615891305
300,177207.85747608697
310,1156746.0849152172
335,40290.39013478261
340,128490.5642521739
350,744428.5864326088
360,19765.12812826087
410,795845.743526087
420,431138.2586434782
425,14798.081549999999
440,5332331.311447826
500,40793.185530434785
510,11957.886783333333
520,187259.72948478258
530,251091.4470695652
540,339891.9530804348
565,299770.8871152174
600,129690.1562173913
630,848342.7615717392
640,64820.28242826087
650,140031.2825347826
700,147341.2207326087
705,772240.14285
710,997745.5337586957
725,134500.3727804348
726,91631.35110434782
735,410632.78497391305
750,392186.38193695655
800,1740931.0854695654
810,88032.42717173914
820,55299.14377608696
830,35119.483195652174
845,355912.4320152174
850,536781.1343521739
860,110303.48962173912
900,20730.000960869565
910,412244.7126
930,61976.51651521739
940,99772.29802608697
960,69633.64437826087
1005,36453.78323043478
1006,557466.3326565217
1007,145449.6433021739
1010,442896.2450304348
1021,1927383.575328261
1022,79434.7396617647
1031,115329.82377391304
1032,73867.98175882353
1050,642130.5643586956
1065,118792.63048913045
1105,216871.3511282609
1106,103700.85000652174
1108,854873.8376826086
1200,30734.80719347826
1220,144893.6370521739
1240,232215.24545652172
1300,208709.64203333334
1305,196411.2377382353
1306,27129.065473529412
1310,44672.27635869565
1320,140989.53282173912
1340,25971.72288043478
1350,76628.67391956522
1360,449658.5596369565
1400,85009.44180217391
1410,288453.8957195652
1420,33373.74355869565
1430,226935.7831695652
1440,12682.734699999999
1450,47606.59649565218
1460,367352.54762173916
1500,8411.134616666668
1510,8607.668099999999
1520,25661.577400000002
1530,619367.3686347826
1540,113196.73305833334
1541,38608.37228235294
1545,89470.19717647058
1550,496616.53238333337
1551,81744.27424117648
1555,332886.69026176474
1560,61198.04483260869
1600,30417.14326521739
1610,98479.20258478262
1640,22213.39295869565
1650,145696.64685869566
1700,20453.614436956523
1710,11164.221291304348
1720,88098.7402
1740,119670.94838333334
1745,39743.390488235294
1750,40705.26353235294
1760,359116.7824021739
1800,27377.139526086954
1820,234966.2299
1821,14757.076547058823
1822,49427.235111764705
1825,151296.4736382353
1840,33661.85716956522
1860,55205.845558695655
1900,32129.307584782608
1910,22617.571200000002
1920,56002.873047826084
1935,20570.523621739132
1970,251932.5019478261
1980,78045.02803529412
2000,931880.7001833334
2001,130367.90355588235
2002,370986.36385294114
2003,41301.765558823536
2004,180925.15942647058
2005,20039.859042424243
2006,242153.13500882353
2010,827271.9954499999
2011,61090.72910882353
2012,80711.80383529411
2013,21344.978255882354
2014,691672.153867647
2015,91800.8260673913
2016,223279.0816108696
2025,97777.17729782609
2040,419604.7311391304
2050,64888.48775217392
2060,74408.66745217392
2100,1236516.9330326088
2105,18585.85394347826
2145,433602.8788521739
2160,194306.74235
2170,104947.09389411764
2180,82398.4650382353
2205,1205014.8881739131
2300,615164.04265
2310,3403441.167691305
2320,980843.0267717391
2330,348233.27516304346
2340,1026462.8069916667
2350,179093.92813235294
2360,736770.5461588235
2400,59628.215747826085
2435,171110.17350869565
2440,35800.76873695652
2545,1215862.6038434783
2555,166591.87276521738
2600,277085.1137673913
2630,988634.4307666667
2631,10926.415888235295
2632,30604.37259117647
2633,53282.228599999995
2634,297283.2610764706
2635,128262.0760117647
2636,27383.014661764704
2640,380269.04520588234
2700,42694.72283913043
2710,182859.6225521739
2720,362544.5073416667
2721,34647.945529411765
2722,248897.6475235294
2723,27713.46790882353
2740,15408.16027826087
2750,203593.55870833332
2751,48785.26241176471
2752,137243.93889705883
2755,19182.121297058824
2770,43611.28207608696
2805,32131.61604347826
2810,84325.11480434783
2825,130581.09416086956
2830,112723.63087391305
2840,63188.51162391305
2850,249765.47467608697
2860,118403.98617500001
2861,93966.21293823529
2862,29874.181220588238
2865,26362.012799999997
2905,100449.43255869564
2910,193350.41134130437
2920,94022.09309999998
3000,60470.18954130435
3010,161279.0956521739
3030,122868.58059130434
3040,40714.30521521739
3050,350031.09105869563
3060,1101586.8613583334
3090,975563.9627794117
3100,54674.6127
3110,147502.92254565217
3120,11275.800606060606
3140,15868.189904347826
3150,134995.8500326087
3160,284626.8039173913
3200,14724.461645652173
3210,15585.66641521739
3220,114767.00735869564
3230,183197.78936956523
3245,245593.96373913044
3250,92402.31803043478
3255,3276465.9381391304
3256,37259.523282608694
3258,243308.06232608698
3260,34940.585450000006
3261,24594.87672352941
3270,14049.12913235294
3300,342053.6456521739
3310,206656.35917173914
3320,399908.9477083334
3321,51806.30918235294
3322,90089.67430588235
3323,233270.0131352941
3324,51925.05415588235
3330,34183.72182647059
3400,207499.63721666668
3401,142455.97963529412
3402,93944.51257941176
3420,712423.7055833334
3421,346305.16814411763
3422,74921.3420852941
3423,105503.23183823528
3424,126882.17617058822
3430,67708.98387058823
3500,603465.7131717391
3515,193878.62508695654
3520,46377.43459347826
3540,143366.14008333333
3545,166000.19469565217
3550,99006.18543529412
3600,2098286.46245
3601,582367.5410029412
3602,1396848.905623913
3603,1291184.4490794116
3605,56622.62064117647
3610,33168.48620434783
3620,82765.07633043478
3630,164721.91249565218
3640,304980.7284978261
3645,565181.6529934782
3646,42616.89023478261
3647,44114.28905869566
3648,66926.00878695653
3649,113148.61757608695
3655,186420.31164565217
3700,45570.56021086957
3710,92787.82012391304
3720,45236.436860869566
3725,77220.08416470588
3730,78021.733125
3740,314557.46207608696
3750,28367.764782608694
3800,373108.64465
3801,20695.150894117647
3802,311063.0615147059
3820,147911.77705869565
3840,15600.887700000001
3850,721651.615125
3870,755403.3838647058
3900,8150.697315217391
3910,96975.55435652174
3930,856784.1918304347
3940,50242.17436086956
3945,42125.15222826087
3946,30064.6893
3955,148183.79655833333
3960,129733.77263235295
4000,431902.55178913043
4010,511566.24953695654
4020,1950034.1005673914
4030,940601.4776391304
4040,395298.6684326087
4050,383885.3621916667
4055,757399.8521558823
4060,212612.61965
4110,1731421.3095847825
4120,181944.4742347826
4130,284014.22245869564
4140,241250.7892869565
4150,290567.11831086955
4160,6057.109533333332
4200,332992.65257173916
4210,264281.8639217391
4220,2171073.5692391307
4230,1341855.6190478262
4240,108002.9376347826
4250,1287855.0111583334
4251,1171209.5189999999
4252,102890.91877352941
4255,15570.750820588235
4300,211600.51584166664
4320,213410.465375
4330,240248.47503235296
4340,63389.26386086956
4350,289561.0146739131
4400,75975.42468260869
4410,1482.3241500000001
4420,32488.537734782607
4435,198912.02666521742
4461,17989.981376086955
4465,27174.063730434784
4500,114900.42566304348
4510,723339.7915434783
4520,408488.35377499997
4521,248715.69105588234
4522,85281.82769411766
4525,23755.203508823528
4530,78646.87492173913
4540,52311.10194565217
4600,1039585.4741130435
4620,446541.98661666666
4621,217613.01755882354
4622,145296.89719705883
4640,28806.884163043476
4655,126141.39692826087
4700,3122479.2403782606
4710,1211580.201778261
4720,2825869.7869152175
4740,84263.32463043478
4750,123543.42848478262
4760,2826075.964747826
4800,142391.34297391304
4810,612918.0578456522
4820,234079.30843260867
4830,63965.44037391304
4840,572988.2361673913
4850,1218075.0885782607
4900,36907.96853695652
4920,1124166.3966065217
4930,39405.79387173913
4940,42975.68888478261
4950,109294.96360869566
4965,349031.48972608696
5000,1253118.7221000001
5010,13458.604095555555
5020,29099.142802173916
5040,8182.826847727273
5100,105346.41033913044
5110,461707.8035130435
5120,1110910.676945652
5130,12823.997916666667
5140,145166.79857608696
5150,30014.45691956522
5160,254155.11591956523
5165,123168.07528913043
5200,3549.88116
5220,82904.91220217392
5230,45770.53946521739
5240,2554111.8518673913
5250,73274.32741739131
5260,159702.9091195652
5300,115415.9229
5310,179431.7821847826
5320,78188.92653043478
5330,146468.2959521739
5340,18067.24487391304
5350,117787.90886086956
5360,56623.84782608696
5400,1216715.4793608696
5410,107169.24780652174
5420,109109.8535847826
5500,21334.966015555554
5510,678879.2375195653
5520,262000.996275
5521,92484.09612058823
5522,193597.99230882354
5530,23209.321152173914
5540,98114.16431086956
5550,302208.2270434783
5560,71742.82987173913
5600,243998.54739782607
5610,601104.5337673913
5630,57146.6093173913
5700,2702828.9962166664
5710,220818.29335588237
5720,50038.62124117647
5730,66590.27882941176
5740,2018076.7681911762
5800,72355.29364999999
5810,234847.67994782608
5820,44290.46197826087
5840,268329.86486956524
5850,59807.49846086957
5860,1282357.357095652
5900,27809.278010869566
5910,7403.533776086956
5920,47208.48623043478
5940,598954.9534304348
6005,50802.1742847826
6010,13503.389839130436
6040,54784.44062391304
6050,857027.5767434782
6100,36672.462575
6115,33267.68318235294
6120,19633.601545652175
6130,55857.84903043478
6200,684338.0505695653
6210,18963.287319565217
6220,125620.62096521739
6230,1228280.9786630436
6240,162135.69302391305
6250,62356.71972608696
6260,2093017.546526087
6300,22661.978475
6305,363492.2506352941
6320,375810.41069999995
6330,167514.21021739132
6355,891308.8536652174
6360,43047.84412826087
6400,53097.944132608696
6410,568310.9879411765
6420,607507.2927666666
6440,639247.3086166667
6441,45865.155085294115
6442,575639.0364529411
6460,23006.522389130434
6500,6441.872766666667
6515,215729.48814130438
6520,131615.26989347825
6530,54981.27403695653
6540,23802.489329411765
6600,55248.43742826087
6660,110363.92204565217
6700,29039.88714130435
6710,42697.625630434784
6720,30826.340202173913
6730,104680.57402826086
6740,10284.781623255813
6750,7786.476449999999
6765,38902.06206956522
6800,29408.339406521736
6825,29356.991208695654
6830,7769.6062999999995
6835,9260.00930882353
6840,56002.948991666664
6850,33742.643852941175
6920,8032.454783333334
6950,50985.74010869565
7000,239728.67783478263
7010,182370.95612608694
7020,136279.7459804348
7030,8878.822616279069
7040,19154.427386956522
7100,21888.490389130435
7110,8578.733483333333
7120,26970.043780434782
7130,65098.61194565217
7140,151569.89762608695
7150,130018.20426739131
7160,22389.661645652173
7200,853257.8465739131
7210,354688.68874130433
7220,219906.3168152174
7240,47446.813449999994
7260,80959.45826956522
7300,22798.009389130435
7315,459551.5872282609
7320,45983.79428695652
7330,411912.77292608697
7340,604886.6259804348
7350,23168.063002173916
7360,49567.44792608696
7410,127317.18891739131
7420,145925.16889782608
7430,67023.30657826086
7510,30691.64273913044
7540,27337.40929782609
7550,6088.90657
7560,8726.505630434784
7610,18455.379654347827
7630,191404.26544999998
7640,194390.5711
7700,790233.2965021739
7710,9681.556480000001
7720,101468.23364347826
7730,7962.998297777778
7740,19925.087497826087
7750,968664.4432152174
7800,232430.96411086954
7810,266960.55221086956
7830,11544.896615217393
7840,92434.20261304348
7850,10261.166854761905
7855,140192.69848913045
7900,107724.2153
7905,90883.02577647059
7920,12674.267658333332
7925,27513.371002941178
7940,20110.291525
7950,68122.94345652174
8000,35954.93758913044
8010,7654.07127
8025,9807.905133333334
8030,325845.0491391304
8040,19761.377747826085
8100,35258.06298695652
8130,44746.444804347826
8140,556996.1057
8200,12922.278333333334
8210,2852.1849666666662
8220,423411.9050916667
8225,354719.2600705882
8250,19295.058295555555
8255,138589.94151086957
8256,11857.961639130435
8300,121963.37136521739
8310,23166.024945652174
8320,140542.57771086955
8330,6683.220016666666
8335,14635.354515151515
8350,66769.69133478262
8365,15288.891476470588
8400,3653.37865
8410,9444.76
8420,10669.735816666667
8450,22970.171982608696
8460,20596.985058333335
8465,15435.101367647057
8500,63104.26949130435
8510,14506.34305652174
8530,28715.117152173912
8540,14145.048060869565
8550,22797.75665
8555,23692.95639705882
8600,34946.56472391304
8610,65276.58004565217
8620,103454.03295000001
8630,42105.62817826087
8640,66545.32037826088
8650,80343.3772
8710,56805.97443478261
8720,21960.906080434783
8730,13062.535562222223
8740,795277.8226934783
8750,51098.890119565214
8760,83554.73848043478
8800,268240.25297173916
8810,162825.59088695652
8830,13992.764556521739
8850,10052.021636585365
8860,2927.2360125
8910,5199.633973170732
8920,26266.639223913044
8930,20915.104810869565
8940,7651.555333333333
8950,53894.25118695652
8965,1148148.16845
8990,1158346.4579147059
9005,285497.78540217393
9030,158222.59549565217
9040,36310.9799826087
9050,103409.03669347827
9110,12186.366857777779
9120,549805.3402333333
9121,243412.40319705883
9122,223237.36603235293
9130,3507410.4745717393
9140,794103.1386583332
9141,68641.92295588236
9142,366208.19932352944
9150,142207.30040869565
9210,46134.761628260865
9240,43992.25268260869
9260,9046.327541666667
9265,13917.015538235295
9300,25595.324895652175
9310,35793.877486956524
9350,69323.00239130434
9365,91899.58008695653
9410,38808.272158695654
9415,26451.171973913042
9420,38631.521941666666
9430,34281.23015294118
9510,58360.51544782608
9520,28008.237691666665
9560,11325.810375000001
9570,31600.107397058822
9600,593619.4296717391
9610,337539.3012
9620,2172639.2820086954
9630,19600.067941304347
9640,693291.3384543478
9645,1620988.5029108697
9650,18309.338906521738
9720,100246.74904130436
9750,49573.22538333334
9760,62266.66877647059
